Time,City of London,Barking & Dagenham,Barnet,Bexley,Brent,Bromley,Camden,Croydon,Ealing,Enfield,Greenwich,Hackney,Hammersmith & Fulham,Haringey,Harrow,Havering,Hillingdon,Hounslow,Islington,Kensington & Chelsea,Kingston upon Thames,Lambeth,Lewisham,Merton,Newham,Redbridge,Richmond upon Thames,Southwark,Sutton,Tower Hamlets,Waltham Forest,Wandsworth,Westminster,Inner London,Outer London,NORTH EAST,NORTH WEST,YORKS & THE HUMBER,EAST MIDLANDS,WEST MIDLANDS,EAST OF ENGLAND,LONDON,SOUTH EAST,SOUTH WEST,England
Jan-95,17,96,332,269,233,323,198,375,303,327,182,131,227,226,221,203,202,175,90,324,213,227,211,219,168,268,208,182,218,147,249,403,339,2890,4616,1983,5801,4489,3990,4199,5812,7506,8809,5050,47639
Feb-95,7,95,327,207,220,326,194,342,242,302,174,115,185,223,175,198,256,145,102,207,185,207,206,204,189,277,212,169,177,149,226,379,251,2583,4290,1986,6129,4349,4211,4633,5928,6873,8658,5113,47880
Mar-95,14,144,384,318,320,449,207,447,377,437,206,159,265,317,249,282,337,263,140,318,221,315,300,275,294,385,307,270,319,166,276,513,365,3643,5996,3052,8375,6149,5840,6262,8374,9639,12177,7157,67025
Apr-95,7,109,304,253,249,362,174,377,270,337,176,141,258,244,216,297,255,211,125,293,194,288,227,230,217,317,249,169,268,204,253,451,328,3126,4927,2406,6714,5338,4892,5218,7004,8053,10941,6359,56925
May-95,10,149,393,317,293,428,220,449,345,393,216,138,233,330,244,297,279,233,139,274,229,309,311,269,284,399,289,212,310,186,281,517,317,3480,5813,2857,7641,6200,5377,6094,7765,9293,11975,6990,64192
Jun-95,17,148,436,324,311,431,248,466,353,428,233,175,291,303,256,274,311,350,184,294,262,304,332,331,279,356,372,254,349,231,329,548,370,3830,6320,3251,9171,6915,6283,6916,8864,10150,13288,7802,72640
Jul-95,13,117,429,314,303,399,248,427,374,390,240,152,226,255,266,274,287,328,186,314,261,324,294,303,240,363,309,264,294,151,274,503,323,3493,5952,2719,7393,5813,5359,6022,7985,9445,12565,6941,64242
Aug-95,14,150,425,297,341,453,259,480,377,411,240,131,298,282,285,274,345,372,154,279,278,312,325,323,265,327,321,232,299,239,293,531,353,3674,6291,2969,7962,6375,5656,6518,8535,9965,13609,7680,69269
Sep-95,17,112,423,281,277,408,263,480,327,432,224,125,249,276,230,274,320,344,162,287,267,300,307,260,217,338,301,186,274,206,285,451,346,3392,5857,2983,8302,6364,5654,6439,8030,9249,12698,7532,67251
Oct-95,14,120,396,274,282,392,245,423,352,377,203,133,235,307,223,227,276,322,146,243,232,272,244,240,249,302,255,177,264,143,284,434,300,3142,5444,2674,7705,5756,5163,5730,7442,8586,11356,6852,61264
Nov-95,11,127,405,299,300,372,208,462,329,424,205,154,208,289,252,320,309,359,125,269,259,281,278,278,238,316,274,201,267,139,274,386,312,3099,5831,2620,8084,6038,5463,6011,7892,8930,11978,6939,63955
Dec-95,18,109,435,259,283,399,224,444,348,443,208,155,247,267,218,238,276,349,146,304,270,296,296,252,305,316,288,283,318,156,240,452,319,3468,5693,2859,9225,6580,6006,6739,8660,9161,12709,7406,69345
Jan-96,17,94,357,210,251,352,193,382,281,324,154,131,205,225,240,236,300,226,128,257,174,234,250,214,226,311,230,188,216,114,251,384,335,2887,4803,2020,5585,4354,3927,4473,5931,7690,9177,5537,48694
Feb-96,10,154,358,228,209,375,181,358,291,334,180,132,191,248,228,211,266,256,129,220,190,227,242,222,216,276,226,194,279,168,206,367,236,2761,4847,2113,6127,4707,4278,4907,6407,7608,9578,5676,51401
Mar-96,17,152,454,283,335,447,214,512,376,460,229,152,290,297,248,291,361,293,164,293,251,322,321,315,289,371,315,227,292,144,289,481,330,3541,6274,2893,8656,5972,5878,6249,8394,9815,12633,7963,68453
Apr-96,14,125,470,291,275,441,260,478,359,381,183,126,284,256,255,254,318,301,164,324,268,307,305,265,228,348,335,236,296,145,313,495,316,3460,5956,2604,7441,5597,5358,5583,7960,9416,12717,7601,64277
May-96,19,143,509,344,294,578,287,594,429,452,268,122,322,292,311,338,404,346,162,366,316,439,345,302,279,367,383,225,376,212,288,605,393,4068,7042,3464,9202,6937,6738,7627,9886,11110,15061,8912,78937
Jun-96,28,142,554,345,291,485,282,452,400,444,211,155,307,288,282,297,408,373,201,305,279,412,341,328,247,360,416,287,363,204,295,569,361,3987,6725,3235,9112,6756,6477,7038,9393,10712,14394,8428,75545
Jul-96,30,178,643,418,343,645,355,583,429,531,293,208,360,378,330,347,413,380,265,440,296,489,380,334,310,375,431,288,406,195,376,744,431,4873,7751,3382,9516,7394,7115,7839,10734,12624,16827,9908,85339
Aug-96,25,164,574,373,347,635,340,617,508,497,279,183,381,377,339,429,465,363,233,426,359,442,372,457,272,467,613,231,444,237,393,726,453,4698,8323,3671,10166,7839,7657,8648,11071,13021,18222,10742,91037
Sep-96,32,156,533,301,328,553,349,558,481,453,262,215,387,337,331,320,453,280,210,411,291,384,334,359,297,412,447,293,364,239,344,669,437,4594,7226,3347,9100,6908,6549,7250,10139,11820,15466,9437,80016
Oct-96,33,172,594,384,350,625,344,612,548,457,262,193,386,373,362,369,489,331,217,364,319,455,395,400,345,438,462,289,376,255,399,694,475,4818,7949,3477,10026,7658,6964,7734,10831,12767,16666,10188,86311
Nov-96,31,217,557,391,389,693,369,619,470,589,331,209,385,390,329,386,520,371,251,425,307,518,429,376,300,478,491,295,412,256,426,688,444,4990,8352,3932,10689,8112,7896,8995,11795,13342,17864,10890,93515
Dec-96,26,184,548,387,344,602,354,660,500,552,311,220,402,368,336,323,417,341,222,440,347,496,420,386,351,418,506,314,411,309,371,680,482,5084,7944,3270,9946,7677,7206,7759,11151,13028,16879,9795,86711
Jan-97,22,153,468,360,320,499,273,528,450,398,228,176,307,302,277,296,358,290,230,428,234,400,315,317,250,371,405,249,296,219,299,617,427,4215,6547,2548,7532,5704,5315,6093,8288,10762,12740,7761,66743
Feb-97,37,169,461,347,283,522,293,556,414,407,202,183,258,334,248,280,391,312,192,375,290,385,306,329,267,293,344,253,275,223,312,537,417,4060,6435,2458,7654,5515,5338,6084,8299,10495,12766,7637,66246
Mar-97,70,192,429,365,327,555,300,604,430,460,227,195,281,369,307,335,398,328,217,359,303,423,390,341,304,373,343,373,360,306,321,631,432,4650,6998,2850,8734,6632,6506,6797,9613,11648,14336,8957,76073
Apr-97,19,175,516,379,315,570,336,595,455,469,230,191,364,355,291,364,371,341,249,410,308,469,348,370,328,439,423,341,354,251,386,676,518,4855,7351,2951,8762,6677,6275,6923,10101,12206,15424,9292,78611
May-97,12,202,561,403,342,569,303,622,506,520,289,205,360,383,342,410,491,349,278,433,332,530,410,363,267,414,480,361,413,289,409,790,516,5137,8017,3704,10484,7753,7939,8552,11318,13154,17982,10657,91543
Jun-97,21,203,599,442,364,664,330,664,530,568,303,240,380,362,377,355,436,382,318,439,360,490,450,380,326,463,449,344,406,289,387,709,702,5400,8332,3977,10704,8182,8167,8614,12366,13732,18465,11209,95416
Jul-97,26,265,726,437,474,783,374,770,578,625,343,301,407,462,402,444,497,429,313,478,430,651,549,440,338,507,588,393,461,327,497,802,640,6061,9696,3920,11134,8747,8297,8849,13380,15757,20417,12208,102709
Aug-97,9,244,604,466,398,652,334,692,545,539,307,285,373,380,384,413,452,436,292,357,406,512,479,425,344,499,545,391,411,338,446,741,534,5369,8864,3962,11036,8328,8282,9032,12568,14233,19489,11834,98764
Sep-97,22,214,656,390,336,630,337,638,498,548,303,216,368,411,340,332,419,368,228,419,374,471,437,420,326,452,459,327,408,357,394,765,653,5337,8179,3505,10274,7543,7486,7786,11164,13516,17515,10703,89492
Oct-97,22,244,608,389,412,687,374,663,563,528,351,253,356,400,397,361,463,431,255,341,350,536,478,400,357,466,451,416,435,460,395,723,531,5502,8594,3876,11336,8315,7983,8705,12004,14096,18388,11229,95932
Nov-97,18,188,541,373,343,556,290,551,437,500,297,237,288,334,273,288,400,355,216,334,329,466,413,296,287,426,350,450,371,339,378,614,447,4733,7252,3345,9651,7031,6805,7512,10134,11985,15626,9474,81563
Dec-97,37,185,519,355,335,577,323,553,456,519,311,293,335,370,344,378,370,399,256,334,380,498,420,399,369,379,423,432,331,379,344,659,497,5202,7557,3634,10807,7734,7166,7784,10832,12759,16565,10312,87593
Jan-98,48,152,437,293,299,429,294,462,412,410,219,166,220,278,249,274,302,211,246,315,283,371,322,302,254,323,332,249,267,293,288,494,373,3923,5944,2522,6965,5155,4941,5253,7766,9867,11473,7094,61036
Feb-98,43,153,439,302,256,425,206,523,341,416,224,172,224,249,248,225,326,237,203,236,219,358,340,285,259,312,315,268,269,230,306,450,360,3598,5821,2488,7503,5205,5219,5693,7965,9419,11684,7328,62504
Mar-98,39,190,506,367,367,549,297,602,414,510,232,257,311,291,310,281,396,304,223,355,271,476,378,303,326,356,348,375,333,314,367,558,448,4648,7006,3106,9252,6566,6516,6892,9606,11654,14261,8849,76702
Apr-98,28,202,539,340,364,553,305,583,419,467,251,239,312,321,330,286,358,284,222,334,292,456,388,345,325,387,396,341,361,296,368,646,491,4704,7125,3350,9309,6997,6658,6854,10197,11829,15354,9318,79866
May-98,30,206,514,350,363,560,311,572,508,443,282,233,324,355,306,285,386,310,284,334,338,487,422,344,303,389,421,326,379,364,353,643,517,4933,7309,3735,10177,7383,7532,8083,10551,12242,16549,10355,86607
Jun-98,32,191,551,359,400,611,335,643,537,540,342,275,340,413,355,332,483,301,278,358,272,519,388,405,363,409,456,415,414,476,437,744,467,5403,8038,4051,10723,8145,7671,8042,11442,13441,17473,10735,91723
Jul-98,17,321,673,430,472,565,374,738,567,634,326,272,394,405,421,388,496,360,288,395,395,625,479,458,386,514,452,453,469,399,444,794,550,5831,9123,4312,11896,8886,8613,9647,12880,14954,19943,12450,103581
Aug-98,34,221,593,345,346,506,290,696,526,505,266,286,280,387,340,345,457,327,256,356,327,490,402,381,364,419,444,407,411,418,387,700,419,5089,7842,3542,10546,7562,7502,8019,11236,12931,17256,10578,89172
Sep-98,40,236,601,384,372,514,343,664,493,580,331,255,353,355,322,342,415,272,281,369,328,511,460,380,328,390,427,359,378,455,442,644,498,5251,7871,3468,10146,7159,6962,7355,10792,13122,16286,9993,85283
Oct-98,42,242,495,382,358,508,289,606,492,495,346,244,255,358,313,329,448,308,299,349,303,435,433,406,349,446,414,370,386,408,420,657,416,4904,7697,3853,10731,8086,7609,8304,10746,12601,15879,10530,88339
Nov-98,23,202,490,357,344,449,258,647,455,561,296,281,212,334,331,322,442,275,235,341,266,368,397,339,340,388,406,348,394,364,384,608,344,4453,7348,3383,9965,7382,7178,7571,9907,11801,15087,9496,81770
Dec-98,48,180,531,364,350,469,240,550,458,531,320,259,266,350,306,285,415,303,278,339,260,447,437,318,382,415,386,369,372,483,376,530,464,4892,7189,3542,10259,7834,7522,7632,10545,12081,15235,9504,84154
Jan-99,41,177,417,292,261,406,208,442,371,399,270,196,198,229,210,222,335,241,220,292,215,322,283,268,251,297,302,284,276,273,307,452,353,3602,5708,2317,6943,4908,4928,5509,7561,9310,11624,6889,59989
Feb-99,31,141,412,293,304,396,210,441,351,389,235,155,191,282,265,259,315,263,245,267,204,325,339,281,269,309,304,264,300,289,338,473,357,3697,5800,2436,7600,5268,5227,5711,7613,9497,11441,7371,62164
Mar-99,53,197,583,401,391,536,310,596,486,476,364,208,278,319,314,325,433,349,283,428,275,441,385,357,351,414,466,365,364,447,414,704,461,5033,7741,3338,10038,7331,7191,7300,10219,12774,15704,10052,83947
Apr-99,28,225,557,361,386,540,289,530,454,470,307,188,330,346,338,317,490,319,252,446,327,461,400,427,304,378,507,367,343,476,381,723,496,5106,7657,3623,10139,7872,7866,8147,11340,12763,16834,10671,89255
May-99,35,197,569,428,329,521,278,579,479,478,268,223,302,337,339,323,429,320,274,398,332,464,410,421,302,409,412,380,405,390,390,779,522,5094,7628,3550,10191,7764,7922,8281,11212,12722,16679,10774,89095
Jun-99,63,251,706,442,381,644,367,739,537,628,380,259,372,392,466,375,558,366,381,491,354,544,471,475,399,519,592,460,466,543,447,904,606,6252,9326,3962,11227,8754,8327,8518,12803,15578,19649,12026,100844
Jul-99,42,304,865,550,450,816,446,847,648,716,422,338,510,516,479,517,626,423,439,515,449,686,614,544,412,550,701,545,543,593,533,1073,708,7437,10983,4474,13346,10085,10032,10942,15138,18420,22919,14296,119652
Aug-99,58,231,721,468,437,640,356,801,645,634,352,308,421,450,430,420,580,413,321,460,425,558,555,527,366,581,569,515,451,480,480,986,690,6524,9805,3994,12126,8886,9020,9557,13956,16329,21391,13039,108298
Sep-99,30,204,709,456,441,615,391,696,571,586,386,274,439,452,417,402,543,420,327,485,395,541,545,431,409,508,543,483,419,534,464,839,672,6421,9206,3778,11383,8468,8505,9082,13564,15627,19630,12408,102445
Oct-99,29,238,669,430,434,711,431,764,550,595,413,278,413,445,386,407,548,411,276,395,379,546,543,483,388,500,528,544,480,501,491,873,602,6264,9417,4285,12643,9362,9313,9858,13585,15681,19969,12699,107395
Nov-99,29,254,660,479,409,668,338,799,538,591,428,266,381,469,432,373,545,321,313,412,378,544,520,436,453,512,490,403,530,465,462,764,589,5946,9305,4106,12063,9168,8848,9449,13191,15251,19315,12511,103902
Dec-99,97,267,619,460,395,654,357,673,522,582,433,372,367,418,368,395,513,351,352,428,331,579,467,418,453,495,454,508,405,481,509,814,587,6280,8844,4060,12098,9036,8818,9443,13387,15124,18718,11758,102442
Jan-00,24,182,489,337,346,451,269,505,361,451,233,215,302,335,338,270,369,344,181,385,242,413,380,336,348,372,334,331,325,328,368,576,593,4680,6653,2564,7876,5717,5721,6080,8443,11333,12412,7885,68031
Feb-00,55,191,463,330,339,552,282,550,420,444,262,235,270,306,299,244,350,323,188,355,235,436,421,303,389,338,326,363,346,352,374,610,463,4725,6689,2752,8480,6182,6261,6650,8976,11414,13316,8333,72364
Mar-00,48,216,659,368,425,618,351,655,530,559,378,280,393,423,338,345,462,409,276,484,339,549,541,416,474,473,427,438,397,468,478,766,662,6153,8492,4035,11809,8871,8474,8887,11483,14645,17221,10929,96354
Apr-00,58,214,550,359,354,589,301,589,494,424,292,230,360,295,317,281,436,335,246,425,326,501,427,338,381,361,390,415,323,479,370,645,562,5325,7342,3866,10784,8022,7878,8051,10930,12667,16217,10292,88707
May-00,38,240,600,393,393,622,292,505,411,501,298,236,317,373,332,321,438,298,289,375,316,557,485,391,380,419,322,412,394,503,430,655,563,5475,7624,4015,11490,8416,8361,8506,11030,13099,16699,10693,92309
Jun-00,60,294,615,407,440,642,312,585,467,485,365,264,319,427,371,419,531,394,306,374,327,593,524,385,469,447,357,458,423,493,466,710,541,5850,8420,4684,13173,10083,9862,10020,12608,14270,18898,11833,105431
Jul-00,33,305,542,420,390,561,310,466,532,514,338,229,263,381,345,334,439,326,285,312,333,547,472,358,382,472,398,487,395,530,447,656,476,5363,7915,4091,12163,8777,8508,9127,11555,13278,17194,10707,95400
Aug-00,22,240,544,387,386,616,290,439,454,474,340,222,290,324,376,355,469,372,236,294,272,537,483,345,411,463,330,431,405,350,453,648,432,4970,7720,4113,12447,9036,8372,9019,11489,12690,16616,10564,94346
Sep-00,20,223,535,343,341,455,266,402,396,483,323,175,288,336,332,286,431,350,246,306,278,478,406,275,378,392,296,414,301,395,421,513,437,4658,6863,4199,11741,8702,8209,8790,10526,11521,14783,9677,88148
Oct-00,19,196,475,325,316,456,258,396,422,445,315,185,227,315,309,293,389,296,201,336,274,428,389,315,404,391,267,388,347,342,366,526,457,4475,6593,4027,11086,8396,7481,7744,9805,11068,14105,9387,83099
Nov-00,18,227,500,320,311,502,257,461,392,475,334,200,240,269,282,292,371,281,240,317,269,410,398,320,406,369,247,390,327,357,416,557,546,4605,6696,3769,10842,8180,7459,7871,10272,11301,14326,9289,83309
Dec-00,33,285,553,380,384,485,289,524,388,473,306,243,255,308,275,321,393,309,200,333,317,431,416,282,424,428,282,406,377,429,361,615,478,4860,7123,4389,11698,8961,8249,8656,10996,11983,15570,10321,90823
1-Jan,24,215,450,369,306,407,275,352,377,425,269,227,253,323,240,257,297,321,213,276,216,419,334,295,360,318,261,334,280,322,354,528,418,4306,6009,2668,7914,5850,5592,5867,7894,10315,11592,7178,64870
1-Feb,37,238,388,331,297,410,210,407,354,411,267,180,222,253,272,302,274,273,212,277,227,340,352,273,345,397,261,323,270,385,332,476,367,3979,5984,2821,8211,6063,5943,6124,8451,9963,11954,7604,67134
1-Mar,44,274,537,379,363,550,263,500,476,506,386,287,271,312,343,338,345,364,248,394,290,497,431,377,436,473,345,437,411,425,427,656,497,5198,7684,4154,11426,8443,8005,8282,10853,12882,15488,10693,90226
1-Apr,38,241,527,328,399,547,267,501,456,466,281,262,306,340,308,377,312,357,253,335,321,459,387,355,384,434,354,383,408,392,403,649,500,4955,7375,4007,10777,8089,7885,7752,10898,12330,16149,10669,88556
1-May,30,283,613,422,345,711,308,526,516,615,431,284,305,385,335,395,358,382,250,364,325,492,454,416,445,529,405,449,408,449,436,789,510,5514,8451,4362,11978,9271,8894,9202,12143,13965,18174,11489,99478
1-Jun,36,292,659,442,425,656,352,665,594,700,474,315,357,404,408,404,460,439,293,341,405,581,504,451,562,526,467,554,460,510,513,799,516,6124,9440,5178,13370,11031,10185,10469,13921,15564,20497,13232,113447
1-Jul,40,289,693,506,457,794,333,754,575,698,424,292,354,456,426,410,441,436,384,424,345,623,565,441,456,543,542,495,479,496,493,798,586,6302,9746,4856,13607,10516,10046,10007,14141,16048,20908,13071,113200
1-Aug,30,321,753,538,491,830,389,753,678,750,477,322,415,484,454,561,488,475,338,367,428,694,637,510,494,610,556,544,486,482,553,832,566,6594,10712,5348,15296,11595,11282,11534,15547,17306,22886,14055,124849
1-Sep,30,251,569,435,408,665,350,549,546,646,496,278,302,378,377,416,449,402,252,321,341,434,499,366,433,473,424,361,365,434,459,631,480,5183,8637,4363,11992,9356,8922,8874,12299,13820,17634,11036,98296
1-Oct,26,270,566,514,463,704,281,607,508,681,458,298,289,408,360,414,433,347,301,300,380,490,493,422,474,581,362,501,438,383,488,647,433,5324,8996,4786,13358,10435,9727,9858,12908,14320,18710,11531,105633
1-Nov,15,282,581,540,430,681,291,738,544,671,409,292,312,424,416,415,444,327,286,295,361,477,455,386,539,447,379,449,462,316,458,699,473,5323,8971,5406,14416,11220,10202,10494,12912,14294,18551,11654,109149
1-Dec,17,247,467,466,341,567,271,560,413,504,401,252,206,315,355,370,374,318,229,246,290,392,391,347,538,389,288,351,365,338,351,578,400,4524,7413,4533,12166,9590,8767,8973,11090,11937,16197,10076,93329
2-Jan,30,216,501,319,315,445,237,455,412,440,282,185,227,272,246,260,344,275,186,281,280,340,428,280,369,348,265,309,298,258,330,531,373,4026,6311,3238,9153,7040,6356,6658,8654,10337,12444,7798,71678
2-Feb,12,198,482,367,313,498,243,561,390,487,303,230,229,300,249,301,314,257,190,264,248,371,388,290,385,399,273,333,297,297,400,514,403,4159,6627,3451,10280,7413,6914,7379,9185,10786,13195,8528,77131
2-Mar,47,261,574,470,408,620,296,637,500,599,477,305,313,343,340,414,405,353,241,442,358,480,432,406,548,431,349,374,392,380,413,641,498,5340,8407,4895,13382,10423,9778,9880,12179,13747,17178,11366,102828
2-Apr,31,285,585,458,384,680,341,611,473,623,427,284,315,364,374,436,462,358,247,401,326,495,466,379,467,452,447,384,348,416,441,699,566,5476,8549,4531,12205,9582,9215,9200,11804,14025,17711,11365,99638
2-May,30,335,666,633,451,807,406,894,662,733,575,388,456,411,416,516,555,567,371,470,464,630,558,503,545,612,541,502,515,535,523,892,573,6767,10968,6280,17109,12999,12191,12502,15423,17735,23418,14506,132163
2-Jun,25,307,603,481,396,729,325,644,461,522,463,294,317,359,343,401,445,425,257,406,328,512,468,404,412,485,454,442,465,462,408,736,589,5604,8764,4696,13399,10042,9445,9611,12561,14368,18724,11439,104285
2-Jul,26,347,754,584,490,870,386,916,582,763,470,351,449,517,471,509,629,527,358,415,424,664,625,506,556,609,549,523,548,477,538,963,665,6975,11086,5572,16080,11823,10879,11814,15081,18061,23206,13959,126475
2-Aug,51,350,761,515,459,852,379,841,657,736,504,388,387,475,448,456,621,442,368,445,406,639,704,510,489,644,634,490,470,502,495,876,573,6766,10801,5792,16673,12028,11055,11753,14604,17567,23217,13671,126360
2-Sep,49,268,570,528,432,666,331,694,567,568,478,337,343,354,376,465,515,418,289,345,383,573,544,433,435,567,468,499,409,368,496,789,534,5790,9301,4805,13657,10126,8991,9688,12313,15091,18618,10765,104054
2-Oct,19,312,615,461,383,618,323,774,552,653,461,346,313,389,383,373,468,401,237,350,392,576,528,375,447,573,404,380,423,354,444,689,493,5444,9065,5024,14338,10323,9320,10090,12316,14509,18736,11469,106125
2-Nov,28,300,570,469,426,663,301,816,515,559,451,296,314,388,396,391,482,422,290,302,329,493,495,398,460,585,418,411,476,336,440,627,477,5218,9106,5654,15891,11411,10088,10638,12645,14324,18555,11644,110850
2-Dec,44,270,634,453,346,610,283,661,457,554,504,252,282,360,439,359,478,412,273,282,316,507,497,359,401,520,405,354,374,330,360,553,514,4932,8511,4946,14163,10192,9098,9745,11959,13443,17777,10747,102070
3-Jan,32,254,507,342,359,519,265,576,383,516,357,232,223,277,336,371,408,314,188,285,249,413,393,312,391,420,311,304,299,286,351,494,398,4181,7184,3888,10931,7804,6889,7434,9371,11365,13737,8507,79926
3-Feb,20,219,427,369,300,466,205,548,400,498,298,194,218,256,279,340,381,286,173,206,262,341,389,287,349,425,224,333,286,233,384,422,302,3641,6679,3762,10670,7497,6930,7275,8731,10320,12777,7695,75657
3-Mar,31,247,421,397,304,418,235,564,377,421,325,172,207,245,300,301,423,275,235,205,241,394,387,246,428,411,272,358,298,240,413,454,355,3946,6654,4296,11787,8432,7381,7602,9279,10600,12762,7973,80112
3-Apr,30,254,434,375,271,488,198,551,376,456,355,178,213,289,299,295,343,289,188,178,248,306,373,286,388,411,294,330,296,225,328,470,365,3731,6649,4386,12301,8849,7506,7781,9216,10380,13692,8786,82897
3-May,38,248,450,444,309,468,203,570,409,424,398,197,215,283,304,360,412,373,215,226,228,428,357,280,429,418,304,294,311,331,363,532,348,4096,7073,5214,13781,10158,8273,8829,10283,11169,14970,9136,91813
3-Jun,84,325,463,378,346,505,250,571,452,508,470,251,286,299,301,292,417,379,236,207,274,443,398,270,464,425,344,371,361,298,404,498,420,4505,7485,5226,13687,10413,8773,9142,10668,11990,15071,9537,94507
3-Jul,48,329,520,422,363,586,277,601,483,574,377,240,321,314,383,361,471,411,228,282,336,518,511,348,483,482,440,430,414,336,426,695,458,5141,8327,5504,14337,11013,9126,9720,11969,13468,17457,10928,103522
3-Aug,46,339,574,468,395,695,296,707,575,526,477,263,367,348,419,401,534,412,292,333,305,497,523,419,435,490,496,404,412,361,417,739,452,5356,9061,5600,15492,11564,9809,10411,12417,14417,18329,11956,109995
3-Sep,38,361,588,475,394,664,342,672,552,535,491,230,347,356,382,411,562,429,244,417,329,557,559,411,474,546,478,476,410,401,445,667,498,5606,9135,5293,14679,10865,9234,9881,12305,14741,18160,11524,106682
3-Oct,33,347,623,542,409,703,305,727,618,668,419,267,331,445,399,515,546,425,277,360,386,549,561,436,584,591,524,427,469,451,525,756,523,5869,9872,6148,17128,12209,10458,11359,13443,15741,20081,13231,119798
3-Nov,42,318,572,500,377,655,310,788,626,570,471,266,321,331,372,424,514,478,256,386,363,476,519,385,494,578,407,418,477,469,432,663,496,5447,9307,5677,15994,11302,9623,10563,13108,14754,19055,12065,112141
3-Dec,38,374,629,482,399,708,264,671,498,625,504,274,283,384,409,434,507,478,272,366,324,516,550,414,474,487,441,450,452,461,443,754,474,5560,9279,5747,16396,11890,10239,10875,13573,14839,20275,12271,116105
4-Jan,98,321,556,454,360,531,282,556,502,437,336,269,306,340,317,361,437,346,234,340,304,409,473,335,386,479,408,379,386,351,404,667,403,4937,7830,3865,11657,8444,7314,7782,9947,12767,15524,9397,86697
4-Feb,16,297,500,413,313,539,274,575,510,532,390,258,276,310,283,373,464,352,216,308,296,425,404,346,385,410,328,356,346,345,370,578,372,4523,7637,4006,11788,8425,7473,8319,10337,12160,14951,9053,86512
4-Mar,20,368,607,411,368,645,321,647,567,549,517,329,336,370,344,481,512,405,263,354,353,470,489,410,446,477,347,458,386,481,446,727,505,5569,8840,4888,14123,10102,8770,9281,11676,14409,16856,10237,100342
4-Apr,25,302,599,456,344,672,346,692,554,499,457,324,359,391,362,385,453,415,313,401,410,552,532,416,426,505,487,438,465,496,456,820,521,5944,8929,5809,15963,11490,10531,10496,13128,14873,19484,12318,114092
4-May,22,322,492,455,316,682,304,611,468,506,536,284,317,343,345,373,433,363,239,360,361,472,495,355,347,492,450,486,436,477,375,685,411,5242,8371,5267,14450,10747,9563,9982,12236,13613,18081,11178,105117
4-Jun,38,351,713,459,411,786,396,696,595,565,600,316,345,434,416,479,554,451,272,363,345,663,544,475,465,574,493,566,462,516,475,851,494,6263,9900,6201,16448,11901,10503,10830,14019,16163,20246,12566,118877
4-Jul,34,330,735,575,434,755,409,788,628,672,568,337,408,479,431,512,624,490,348,423,422,656,655,493,436,625,551,612,506,716,461,951,548,7012,10600,6208,17383,12740,11266,12045,14524,17612,21788,13212,126778
4-Aug,46,316,618,459,377,719,384,674,521,574,532,288,337,411,348,453,466,421,253,317,318,649,582,451,451,472,472,507,423,568,418,793,402,5988,9032,5153,14919,10285,9424,10316,13178,15020,19631,11273,109199
4-Sep,27,292,483,397,278,611,310,657,450,534,523,254,299,358,305,413,461,407,251,340,303,465,478,433,390,471,379,419,354,611,376,699,472,5373,8127,4582,12596,9273,7945,8760,11047,13500,16683,9610,93996
4-Oct,24,254,491,336,314,538,267,640,454,476,411,254,253,315,287,337,433,353,223,275,297,442,442,313,361,398,363,393,321,405,360,643,358,4655,7376,4650,12855,9409,7600,8606,10472,12031,15377,9273,90273
4-Nov,13,255,433,314,265,518,254,548,393,445,373,191,225,280,266,334,372,319,184,247,230,390,368,283,313,434,330,370,328,358,319,485,353,4031,6759,3883,11333,7995,6881,7595,9302,10790,13754,8007,79540
4-Dec,14,208,464,337,296,537,213,502,366,423,396,218,231,334,297,328,349,287,179,278,259,364,405,281,319,508,303,319,287,470,282,506,299,4149,6710,4199,11295,8658,6958,7816,9418,10859,13851,7834,80888
5-Jan,17,183,336,229,243,346,228,373,271,294,261,143,196,256,158,245,244,232,139,257,163,291,265,235,211,325,267,241,176,321,220,384,270,3219,4801,2559,7343,5513,4327,4909,6069,8020,9243,5481,53464
5-Feb,18,168,296,226,217,335,198,343,271,302,281,160,160,206,190,238,250,194,154,189,170,295,251,217,263,274,227,258,210,311,277,397,283,3143,4686,2752,7712,5700,4790,5427,6579,7829,9441,5814,56044
5-Mar,18,213,363,247,235,411,216,438,354,344,359,159,214,217,254,278,303,249,181,274,224,335,307,255,288,327,257,314,288,362,245,486,346,3717,5644,3359,9079,7004,5901,6491,7843,9361,11332,6952,67322
5-Apr,32,191,439,286,226,518,257,465,374,357,376,181,263,217,247,262,301,256,233,294,290,397,339,262,290,342,326,345,318,389,266,584,367,4188,6102,4117,10896,8173,7088,7712,9101,10290,13136,8445,78958
5-May,20,223,434,332,268,483,260,513,367,363,390,196,260,259,237,304,343,293,233,274,247,372,398,278,301,366,302,327,306,393,298,586,423,4302,6347,4157,10801,8270,6890,7633,9283,10649,13834,8434,79951
5-Jun,33,275,502,358,277,623,317,537,424,429,479,243,282,325,273,349,412,342,261,315,285,431,433,328,374,434,383,329,373,398,355,645,484,4870,7438,4474,12211,9656,7885,8951,10716,12308,16154,9725,92080
5-Jul,29,303,489,464,317,605,316,597,432,528,406,266,337,358,293,374,446,333,300,327,297,511,499,425,363,512,463,405,376,497,445,771,452,5431,8105,4806,12482,9874,8444,9091,11112,13536,16990,10590,96925
5-Aug,26,279,503,394,282,615,295,604,490,480,398,237,329,353,356,377,418,371,307,286,361,565,414,381,331,397,436,479,347,421,417,763,496,5302,7906,4378,11919,9151,8319,8833,11407,13208,16820,10557,94592
5-Sep,37,263,531,397,294,591,336,642,508,471,453,252,316,340,304,397,470,350,325,331,315,515,467,371,345,570,406,490,355,438,394,764,503,5459,8082,4623,12695,9561,8473,8943,11471,13541,16735,10149,96191
5-Oct,14,262,474,378,310,563,299,571,441,435,473,241,274,327,315,388,431,283,275,231,303,494,418,324,354,426,397,420,319,453,453,638,398,4836,7546,4311,11373,9058,7681,8230,10473,12382,15508,9555,88571
5-Nov,29,267,489,409,302,565,301,617,474,497,388,217,269,304,316,360,430,359,265,273,273,443,441,332,376,473,374,438,387,405,445,633,417,4811,7757,4400,11646,9053,7772,8712,10896,12568,16303,10095,91445
5-Dec,30,263,524,335,303,680,296,547,475,558,434,249,289,309,340,381,433,358,342,299,286,534,492,364,413,436,416,409,353,412,439,700,445,5219,7925,5168,13313,10191,8951,9778,12492,13144,18119,11133,102289
6-Jan,19,208,435,285,251,517,313,467,421,422,341,249,266,299,242,311,325,294,224,319,283,397,348,295,328,341,365,350,271,368,329,563,416,4459,6403,3300,9299,7279,5978,6843,8549,10862,13048,7861,73019
6-Feb,17,256,443,303,211,529,267,556,387,404,290,239,240,292,295,318,342,279,241,233,298,372,375,287,334,382,319,462,307,325,327,516,439,4352,6533,3597,9928,7413,6405,7057,9137,10885,13361,7992,75775
6-Mar,28,295,512,439,320,672,361,663,500,540,474,296,326,379,365,412,408,386,310,371,318,540,426,409,375,500,373,455,400,435,409,729,556,5587,8395,5123,13234,9781,8741,9468,11363,13982,17079,10625,99396
6-Apr,24,253,459,326,276,570,310,496,443,419,316,212,341,329,317,315,373,299,261,347,297,498,402,334,283,393,402,369,307,373,344,748,517,5014,6939,4571,11814,9414,7912,8468,10736,11953,15992,10445,91305
6-May,22,262,497,379,326,682,328,598,431,515,400,253,336,382,360,403,445,345,306,338,339,497,451,409,355,462,400,406,365,454,365,711,527,5366,7983,4795,13340,10116,8881,9476,11940,13349,17990,11193,101080
6-Jun,29,341,633,473,335,824,360,741,552,589,476,276,416,408,391,416,524,509,398,400,350,549,610,430,401,588,558,497,504,566,427,886,618,6414,9661,5746,15763,12396,10659,11271,14225,16075,21344,13200,120679
6-Jul,25,352,660,457,364,806,384,725,619,543,440,320,413,426,371,480,491,472,367,366,400,659,641,473,480,483,511,511,504,491,435,935,578,6596,9586,5313,13848,11170,9425,9937,13358,16182,20373,12863,112469
6-Aug,30,345,696,469,409,856,429,816,664,599,578,370,407,443,413,485,527,432,403,355,438,684,598,493,391,593,557,524,416,509,498,888,518,6549,10284,5071,14509,11109,10183,10642,14018,16833,22478,13841,118684
6-Sep,24,314,604,449,398,705,391,715,600,611,516,307,328,447,399,452,536,444,460,394,405,661,531,413,352,480,498,511,408,427,415,914,565,6312,9362,5510,14490,11107,9765,10435,13649,15674,20639,12492,113761
6-Oct,33,334,586,481,362,684,342,785,639,593,466,281,323,369,403,474,461,419,340,360,384,586,526,398,401,520,467,473,433,445,494,791,540,5810,9383,5216,14135,11090,9446,10289,13249,15193,19698,12448,110764
6-Nov,21,366,619,446,350,730,331,760,617,551,447,300,347,446,369,485,514,431,335,350,352,611,506,413,401,555,420,482,413,480,502,798,482,5890,9340,5343,14994,11381,9804,10511,13097,15230,19570,12760,112690
6-Dec,22,328,608,491,335,792,340,723,609,526,513,286,362,400,370,525,491,431,330,375,361,566,515,420,356,491,453,512,461,436,436,870,498,5868,9364,6047,15679,11749,10413,11472,14609,15232,20999,13258,119458
7-Jan,20,257,505,391,368,611,297,599,521,447,373,241,284,391,293,351,430,357,298,397,262,532,511,337,337,377,387,348,368,379,349,701,475,5211,7583,3904,10718,8271,7037,7705,10032,12794,15462,9198,85121
7-Feb,25,285,494,388,291,585,283,587,468,450,401,234,295,324,352,389,386,347,247,317,294,460,408,297,353,411,342,378,348,365,368,610,412,4711,7483,4014,11229,8423,7125,7614,9902,12194,14947,8926,84374
7-Mar,28,337,593,413,339,735,327,696,587,519,486,285,362,372,343,519,409,456,367,352,348,533,479,405,372,463,378,472,387,486,438,785,475,5695,8851,5267,13744,10371,9116,9816,11926,14546,17562,10691,103039
7-Apr,22,284,511,361,315,628,265,623,450,485,370,266,307,314,301,388,388,359,294,311,344,464,433,332,294,439,377,368,317,432,358,702,466,4938,7630,4734,12406,9276,8170,8414,10870,12568,15898,10207,92543
7-May,22,325,568,394,380,666,310,678,540,583,419,309,347,356,328,513,491,390,268,320,350,497,475,418,323,437,400,404,475,468,400,737,468,5304,8755,5560,13623,10536,8914,9436,12580,14059,18656,11573,104937
7-Jun,19,435,679,466,397,817,330,714,642,600,442,361,397,370,362,494,514,546,347,327,354,697,602,438,398,487,410,454,375,490,467,884,484,6160,9639,6406,15600,12141,10668,11228,14300,15799,21237,12697,120076
7-Jul,32,372,661,496,420,738,340,757,559,618,483,315,391,457,358,540,481,434,352,372,396,623,636,446,442,457,504,514,485,531,429,896,502,6403,9634,5765,14735,11262,9522,10099,13379,16037,20581,12180,113560
7-Aug,27,389,688,549,469,812,368,891,610,641,510,353,386,461,428,505,581,466,408,328,388,655,628,435,439,528,541,528,472,456,523,847,514,6398,10426,5930,15679,11457,10470,10693,14300,16824,22453,13440,121246
7-Sep,23,305,629,389,332,618,300,665,467,542,513,335,296,346,323,434,466,355,343,275,341,482,491,381,373,474,382,503,405,503,408,639,410,5319,8429,4766,12666,9072,8229,8677,11250,13748,17077,10286,95771
7-Oct,19,404,638,454,351,658,303,745,511,577,435,308,270,326,365,467,459,392,274,226,341,532,504,378,374,504,345,459,397,450,426,584,414,5043,8847,5077,13058,9891,8177,9137,11926,13890,18164,10733,100053
7-Nov,22,325,528,400,367,661,267,694,445,545,425,307,259,315,296,454,467,417,286,299,303,462,484,386,377,420,339,430,377,461,375,576,405,4950,8224,5193,13321,9599,8697,9266,11664,13174,17067,10170,98151
7-Dec,11,267,367,303,256,439,240,531,358,409,324,241,182,246,235,338,358,271,222,168,189,370,368,230,288,426,234,323,296,384,284,454,326,3823,6115,4126,10891,7935,7083,7362,9530,9938,13779,8667,79311
8-Jan,16,215,354,252,207,337,217,400,336,361,251,178,187,204,238,309,309,215,205,186,159,359,294,208,307,318,254,255,232,272,247,370,289,3339,5202,2800,7384,5702,4705,5045,6358,8541,9842,5812,56189
8-Feb,33,228,347,285,233,399,189,438,310,380,262,181,177,217,220,267,354,243,225,149,163,338,296,239,352,335,235,263,264,248,245,400,258,3326,5447,2919,8133,6036,5182,5630,6858,8773,10386,6075,59992
8-Mar,6,198,333,233,240,341,162,399,276,311,255,175,160,206,180,256,307,171,206,133,160,319,264,204,394,308,186,300,219,276,228,368,228,3197,4805,2952,7746,5372,4967,5244,6473,8002,9643,5667,56066
8-Apr,5,200,314,229,242,371,162,382,269,293,205,162,182,186,221,236,315,236,194,186,179,286,229,215,331,301,243,234,216,215,273,459,303,3134,4940,3098,8083,6001,5310,5761,7055,8074,10465,6612,60459
8-May,29,145,372,232,188,360,206,395,253,267,234,161,142,188,199,246,307,199,214,162,182,289,292,221,300,310,262,285,242,262,223,438,270,3238,4837,3163,8044,6539,5595,5996,7282,8075,11241,7034,62969
8-Jun,9,151,317,217,166,364,237,326,209,253,233,136,116,183,249,247,276,284,205,133,157,270,224,218,309,237,221,218,232,275,216,341,311,2967,4573,2827,7010,6046,5020,5611,6476,7540,10213,6295,57038
8-Jul,11,110,326,211,159,314,200,292,255,290,265,144,153,174,161,223,226,193,186,164,161,260,199,205,176,248,268,214,216,199,202,307,223,2610,4325,2488,6658,5160,4420,4826,5979,6935,9011,5618,51095
8-Aug,8,107,244,195,139,305,164,265,185,232,166,118,138,173,169,177,219,171,217,117,139,218,200,151,128,211,175,159,158,253,191,307,183,2383,3599,2119,5854,4746,4110,4395,5463,5982,8965,5276,46910
8-Sep,6,85,234,187,140,234,159,246,165,177,140,83,97,120,131,156,186,174,166,155,111,186,154,154,105,214,151,149,151,149,161,272,193,1994,3197,1954,5069,4047,3565,3746,4712,5191,7326,4612,40222
8-Oct,9,85,231,158,141,270,117,254,176,197,151,108,115,129,147,179,222,139,146,117,124,153,159,154,91,173,139,160,156,144,170,317,194,1959,3266,1999,5259,4482,3962,4101,5162,5225,7821,5068,43079
8-Nov,2,75,176,136,116,202,117,198,120,152,113,110,81,92,113,151,144,122,177,90,72,131,140,102,68,135,113,119,147,106,110,199,149,1581,2497,1713,4412,3651,3224,3376,4194,4078,6293,4088,35029
8-Dec,6,89,190,152,89,232,122,237,166,165,112,135,78,114,124,152,182,148,133,105,80,151,115,154,127,194,138,111,135,130,124,170,145,1642,2863,1710,4694,3899,3700,3472,4628,4505,7110,4822,38540
9-Jan,5,48,139,82,73,168,96,142,96,88,90,82,71,75,101,100,129,91,93,78,90,104,110,99,84,130,110,89,113,108,110,135,140,1270,1999,1138,3128,2377,2245,2356,3100,3269,5129,3040,25782
9-Feb,6,51,153,101,58,158,89,160,105,149,72,79,63,74,87,85,102,88,120,95,68,92,80,107,72,104,104,89,112,121,97,175,135,1290,1961,1200,3232,2672,2271,2566,3275,3251,4907,3286,26660
9-Mar,8,54,157,125,70,195,118,221,116,137,122,93,90,94,94,116,163,90,132,121,90,129,117,104,88,161,128,123,152,149,115,262,163,1687,2410,1680,4298,3412,3227,3224,4230,4097,6482,4207,34857
9-Apr,9,63,184,134,96,230,125,209,143,168,88,152,87,96,114,142,169,95,134,137,112,128,115,116,88,162,175,100,129,115,103,239,166,1691,2632,1708,4467,3634,3392,3376,4718,4323,7214,4753,37585
9-May,6,67,191,174,92,260,157,210,161,193,125,107,129,117,112,204,203,120,127,137,157,146,143,150,98,149,159,142,164,192,127,316,176,1993,3018,1998,4980,4046,3899,3865,5438,5011,8509,5754,43500
9-Jun,18,88,212,173,104,299,181,278,212,149,161,191,156,150,158,177,225,169,171,173,121,153,133,220,112,216,207,191,182,260,154,369,238,2496,3505,2218,5807,4793,4667,4470,6370,6001,10151,6581,51058
9-Jul,20,110,327,230,145,414,224,306,248,249,216,160,209,189,218,259,263,183,283,232,222,240,213,230,130,237,277,248,248,359,216,492,303,3302,4598,2277,6717,5366,5131,5279,7811,7900,12207,7644,60332
9-Aug,20,120,314,225,149,393,214,351,227,254,219,199,230,194,197,230,229,176,242,187,175,246,245,201,110,225,272,240,228,299,191,478,268,3172,4376,2126,6010,4767,4815,4887,7446,7548,11294,7145,56038
9-Sep,19,171,362,213,149,435,251,318,237,249,201,166,243,206,200,246,211,197,260,228,204,252,207,221,155,277,275,248,228,304,191,473,323,3335,4585,2098,5975,4868,4718,4779,7225,7920,11320,7165,56068
9-Oct,19,145,395,233,187,466,241,375,268,307,222,186,196,215,195,248,300,197,248,229,195,295,230,255,134,274,303,304,270,258,243,501,315,3371,5078,2438,6903,5601,5528,5648,8142,8449,12281,7984,62974
9-Nov,11,158,366,194,185,386,212,306,243,281,184,189,205,197,203,250,282,191,271,226,211,281,205,234,139,273,267,255,250,367,201,420,319,3297,4665,2139,6594,5106,4944,5002,7780,7962,11681,7375,58583
9-Dec,16,187,370,289,263,502,278,471,312,314,237,248,239,231,253,334,296,214,268,176,221,298,298,266,198,329,290,291,314,434,223,527,313,3815,5685,2934,8285,6647,6846,6360,10064,9500,14941,9799,75376
10-Jan,20,73,268,126,149,299,210,225,231,200,137,149,184,173,127,156,166,163,183,202,167,265,155,189,108,290,213,212,144,263,139,373,253,2750,3462,1363,3595,2846,2727,2914,4253,6212,6601,3872,34383
10-Feb,9,105,272,179,144,301,185,296,207,193,169,140,153,176,154,192,184,195,187,151,168,208,194,171,137,212,218,237,157,263,171,345,239,2624,3688,1632,4713,3549,3313,3423,5034,6312,8008,4734,40718
10-Mar,15,134,321,192,218,318,218,303,254,266,170,161,203,180,184,253,223,192,229,207,181,251,231,169,173,256,228,189,175,299,180,418,317,3091,4217,1851,5662,4236,4501,4286,6272,7308,9308,5742,49166
10-Apr,22,123,260,201,184,353,163,263,246,243,165,184,203,158,152,200,239,166,205,221,191,250,194,175,117,239,233,243,221,291,160,453,314,3018,4014,2080,5652,4388,4374,4417,6253,7032,9428,6178,49802
10-May,21,124,333,234,191,355,181,290,230,233,156,145,197,150,185,208,206,201,229,181,152,299,212,209,140,239,263,238,157,343,150,390,264,2990,4116,2018,5625,4694,4210,4263,6323,7106,9441,6113,49793
10-Jun,29,146,400,208,219,441,231,327,284,240,196,173,242,238,223,274,317,256,259,224,234,313,233,252,179,330,314,312,197,395,232,473,365,3666,5090,2557,6569,5328,5193,5134,7455,8756,11478,7417,59887
10-Jul,24,156,424,249,245,456,304,326,306,282,259,208,278,272,208,269,315,233,273,253,223,390,285,275,155,290,360,356,239,389,225,567,367,4121,5340,2623,7189,5657,5533,5691,8121,9461,12572,7788,64635
10-Aug,21,124,425,249,227,416,273,365,266,287,181,202,227,220,188,251,269,225,287,198,236,353,261,234,141,251,303,345,227,277,209,552,280,3637,4933,2320,6561,4914,4949,5194,7590,8570,11769,7117,58984
10-Sep,20,113,395,230,204,381,270,307,311,245,201,197,235,181,195,233,303,212,247,218,213,301,284,237,147,233,294,344,207,300,192,454,290,3488,4706,2213,5981,4790,4524,4891,6902,8194,10823,6796,55114
10-Oct,12,116,374,231,208,371,228,324,265,232,227,198,193,191,231,262,283,195,229,197,183,317,266,214,129,216,277,316,185,271,212,412,306,3265,4606,2331,6273,4826,4898,5118,7186,7871,10583,6862,55948
10-Nov,12,118,368,209,197,336,249,280,297,222,176,235,183,185,226,198,273,230,264,177,190,284,226,194,140,203,242,261,230,391,188,417,262,3286,4377,2095,6126,4675,4688,4768,6925,7663,10240,6509,53689
10-Dec,31,121,303,162,203,352,221,319,272,245,196,195,191,195,172,226,295,190,210,201,200,261,242,222,115,193,243,253,221,286,184,422,306,3129,4319,2338,6181,4638,4786,4973,7059,7448,10343,6617,54383
11-Jan,16,92,246,166,149,230,221,197,191,182,142,137,181,159,137,142,196,154,199,182,138,267,179,133,108,165,233,206,100,260,161,341,260,2716,3154,1458,4141,3044,2927,3144,4582,5870,6847,3992,36005
11-Feb,12,94,231,148,133,310,177,229,218,201,156,131,181,158,153,168,231,155,153,164,142,223,148,136,103,177,187,218,135,209,163,309,243,2429,3367,1541,4334,3281,3190,3347,4828,5796,7278,4297,37892
11-Mar,19,136,298,181,164,308,190,269,224,174,195,129,233,162,138,178,256,145,198,235,138,249,216,198,147,183,231,233,158,270,192,324,304,2909,3766,2060,5365,3866,3819,4000,5514,6675,8146,5123,44568
11-Apr,21,117,250,197,179,354,212,237,225,203,179,124,234,174,148,212,256,190,175,266,165,310,221,207,114,186,248,250,176,214,153,425,281,3021,3882,2157,5694,4515,4253,4289,5923,6903,9007,5864,48605
11-May,28,109,295,195,170,297,162,245,227,183,200,161,204,172,146,168,213,171,170,158,171,273,184,198,125,194,193,225,194,279,160,387,203,2731,3729,2056,5513,4327,4070,4121,5900,6460,8827,5577,46851
11-Jun,22,135,322,248,182,378,227,276,222,233,231,233,209,183,196,212,268,208,214,187,215,305,265,215,124,211,279,313,221,345,193,474,300,3401,4445,2476,6255,4895,4962,5046,7044,7846,10180,6522,55226
11-Jul,19,127,372,224,197,439,256,340,296,240,306,181,247,199,212,259,303,247,245,245,219,342,271,259,145,250,328,297,260,390,201,518,308,3663,5079,2514,6720,5089,5136,5252,7659,8742,11588,6992,59692
11-Aug,27,127,374,220,199,395,263,352,285,266,264,270,266,230,221,240,328,229,269,235,235,352,282,275,138,263,334,347,278,307,243,585,299,3870,5128,2436,6559,5425,5341,5272,8177,8998,12033,7390,61631
11-Sep,25,145,399,248,206,389,267,323,280,234,241,272,233,245,223,275,366,222,284,238,192,364,315,248,142,240,298,307,215,262,214,507,288,3749,4958,2580,6788,5282,5085,5379,7802,8707,11957,7280,60860
11-Oct,21,141,357,233,202,360,249,339,279,278,214,178,244,187,188,250,291,173,195,184,190,296,248,220,127,243,269,292,242,255,212,473,241,3190,4681,2261,6239,4866,4730,5050,7159,7871,10459,6777,55412
11-Nov,21,124,369,237,203,387,204,317,280,260,217,198,253,192,201,257,335,186,229,202,211,297,268,221,143,212,263,240,217,321,206,414,271,3253,4703,2480,6301,5193,4913,5200,7462,7956,11216,6873,57594
11-Dec,24,111,395,248,207,488,192,369,284,263,215,203,206,213,193,226,318,214,246,167,223,308,243,284,186,205,269,245,237,250,219,487,279,3249,4968,2618,6951,5268,5242,5634,7903,8217,11844,7314,60991
12-Jan,11,81,300,186,171,337,174,226,229,207,180,128,185,178,163,206,232,180,213,187,150,257,225,204,175,155,211,270,166,209,162,350,223,2785,3746,1694,4594,3593,3558,3688,5357,6531,8014,5096,42125
12-Feb,17,122,311,181,152,339,165,261,194,229,210,198,155,171,167,217,259,174,224,167,143,263,209,184,124,184,197,237,193,246,161,359,246,2781,3878,1640,4708,3667,3545,3769,5540,6659,8297,5198,43023
12-Mar,9,162,364,281,198,429,210,421,300,309,317,220,225,221,199,339,345,265,221,159,210,404,365,259,215,243,254,391,268,354,248,437,257,3688,5411,2368,6407,4957,4887,5350,7563,9099,11451,6908,58990
12-Apr,12,68,279,187,132,276,153,192,173,203,174,153,232,149,125,189,187,160,194,170,147,238,208,156,82,176,222,213,155,229,125,374,228,2635,3326,1795,4826,3828,3675,3737,5150,5961,7533,4890,41395
12-May,12,101,341,212,126,384,198,299,268,232,224,190,209,177,164,255,220,180,234,190,179,317,221,212,105,186,265,269,160,332,159,449,304,3207,4167,2160,5600,4541,4481,4490,6278,7374,9560,5929,50413
12-Jun,21,127,380,252,148,454,204,275,279,234,273,216,220,181,192,205,275,214,274,190,191,305,354,238,112,203,299,242,216,371,203,506,278,3474,4658,2579,6123,5230,5134,5205,7366,8132,10728,6715,57212
12-Jul,16,134,321,281,192,459,259,312,302,225,226,218,265,270,191,266,296,184,291,234,210,382,317,250,131,233,339,274,221,388,199,528,337,3910,4841,2104,6239,4850,4761,4909,7205,8751,11204,6815,56838
12-Aug,17,122,392,288,181,520,245,334,312,278,256,288,258,265,206,247,320,217,292,173,260,394,316,253,103,228,346,308,261,330,240,551,272,3812,5261,2458,6662,5376,5338,5469,7823,9073,12557,7640,62396
12-Sep,15,90,379,210,195,347,224,287,252,219,190,298,222,206,229,205,264,191,251,196,199,402,276,263,156,188,308,309,198,316,179,396,246,3513,4393,2015,5423,4355,4117,4382,6315,7906,10140,6017,50670
12-Oct,17,102,337,266,170,464,172,350,307,201,225,233,213,201,223,208,291,183,231,181,212,358,268,291,178,230,258,295,269,302,208,418,284,3351,4795,2361,6120,4971,4930,4927,7208,8146,10976,6771,56410
12-Nov,22,119,339,283,204,454,211,372,331,243,249,224,216,227,213,242,330,252,225,184,237,328,317,221,152,261,302,290,279,296,234,486,283,3461,5165,2502,6785,5559,5315,5706,7753,8626,11577,7187,61010
12-Dec,28,114,312,247,188,382,198,288,290,221,240,252,196,197,192,231,279,169,187,189,209,291,253,239,170,216,271,256,180,223,207,423,263,3126,4475,2354,5992,4900,4746,4820,6845,7601,10312,6484,54054
13-Jan,16,92,337,183,132,302,235,253,264,181,187,157,213,207,169,181,194,181,167,181,160,296,249,209,136,187,219,246,163,305,170,405,257,3070,3764,1582,4608,3486,3447,3526,5262,6834,8108,4677,41530
13-Feb,20,120,321,195,166,303,156,299,274,215,182,161,166,174,166,187,215,189,165,145,150,270,212,187,192,185,199,233,190,253,188,330,285,2762,3931,1697,4966,3807,3522,4023,5377,6693,8163,4943,43191
13-Mar,18,96,417,225,185,310,169,358,320,215,271,192,202,174,164,237,278,187,226,206,172,308,257,262,173,176,242,255,194,348,206,378,242,3148,4515,2212,6014,4854,4585,4742,6566,7663,9491,5972,52099
13-Apr,13,107,338,237,154,342,214,297,256,211,187,217,221,175,185,260,210,176,166,174,164,336,259,235,139,215,244,296,184,276,188,450,262,3198,4190,2016,5557,4349,4258,4243,6180,7388,9101,5652,48744
13-May,31,135,402,282,195,475,253,385,287,284,263,259,225,214,206,244,251,208,238,221,219,416,317,263,172,230,315,395,246,299,217,559,304,3903,5107,2618,7378,5750,5780,5653,8064,9010,11770,7337,63360
13-Jun,11,132,325,252,205,434,213,411,316,245,271,243,251,224,208,266,257,239,278,219,234,408,384,251,188,220,278,399,221,334,197,513,303,3968,4962,2764,7102,5685,5591,5778,7890,8930,11961,7521,63222
13-Jul,29,165,457,299,207,536,318,440,371,327,315,272,342,257,239,343,330,273,320,280,286,450,406,298,216,266,369,464,297,451,284,659,323,4787,6102,2698,7851,6008,5910,6106,9019,10889,13795,8260,70536
13-Aug,94,192,505,379,232,567,289,436,390,322,353,298,306,259,247,366,304,271,316,249,303,478,387,319,194,288,404,389,302,469,295,610,340,4678,6475,2870,8325,6642,6566,6634,9657,11153,15122,9214,76183
13-Sep,104,147,418,319,204,508,282,404,342,324,349,230,306,231,234,357,303,261,250,258,259,438,408,301,239,274,298,388,283,414,252,543,348,4439,5837,2651,7364,5727,5592,5689,8633,10276,13167,8118,67217
13-Oct,54,175,445,331,254,563,243,535,375,373,395,208,258,264,272,377,332,300,278,221,294,442,455,319,205,317,365,400,326,398,300,551,310,4287,6648,2933,8282,6741,6226,6806,9558,10935,14569,9061,75111
13-Nov,22,215,438,357,283,624,263,486,329,375,393,244,254,237,261,363,359,306,300,262,279,547,462,328,266,320,370,418,337,486,295,608,340,4709,6718,3237,9452,7343,7336,7378,9954,11427,15099,9815,81041
13-Dec,21,212,368,319,248,522,295,548,324,344,368,239,269,249,223,393,322,259,294,230,244,546,422,274,266,307,318,398,263,397,313,659,321,4606,6169,3277,8802,6882,7029,6957,9819,10775,14971,9321,77833
14-Jan,26,127,410,316,232,520,245,455,301,326,341,169,289,243,233,324,340,257,220,280,232,464,352,273,237,308,296,323,277,430,241,576,303,4157,5809,2614,7391,5704,5578,5627,8042,9966,12253,7412,64587
14-Feb,17,156,397,306,243,521,187,468,274,334,299,256,207,217,204,311,288,254,206,222,217,380,363,257,218,278,256,365,269,426,265,448,254,3766,5597,2467,7415,5708,5651,5806,8097,9363,12002,7672,64181
14-Mar,36,158,388,296,240,443,242,532,287,333,272,212,186,231,228,346,291,264,214,222,205,381,364,262,264,256,268,331,246,525,297,453,264,3925,5612,2830,8139,5956,5780,6048,8326,9537,12484,7494,66594
14-Apr,19,157,416,277,255,487,293,517,293,302,340,246,253,227,201,293,278,285,225,267,247,372,373,277,211,270,280,301,222,466,262,592,305,4150,5659,2845,8203,6283,6261,6131,8687,9809,12835,8260,69314
14-May,22,166,383,279,233,484,228,469,254,306,567,226,240,236,210,341,299,298,264,269,223,398,378,284,241,298,294,323,254,438,323,589,338,4190,5965,3236,9238,7081,7009,7067,9645,10155,13967,8813,76211
14-Jun,21,162,427,334,254,511,225,507,285,330,435,310,277,243,268,373,305,317,262,213,245,395,360,248,319,342,271,339,243,466,304,474,421,4325,6161,3539,9386,7417,7108,7314,10128,10486,14673,9577,79628
14-Jul,15,209,516,382,281,587,281,531,293,336,497,280,288,280,251,403,309,272,310,251,306,524,481,267,250,379,345,343,260,421,348,525,319,4568,6772,3228,9619,7335,7401,7554,10738,11340,15973,9972,83160
14-Aug,27,202,465,377,248,618,261,552,349,359,428,244,296,287,245,339,335,263,249,217,299,481,429,307,287,311,358,439,401,405,326,559,280,4461,6782,3488,9847,7887,7929,8005,11115,11243,16577,10229,86320
14-Sep,18,185,432,342,255,490,232,539,288,336,405,266,233,223,248,470,333,273,228,208,299,416,366,273,263,311,277,335,331,400,305,486,371,4045,6392,3115,8962,6960,6712,7078,10029,10437,14977,9277,77547
14-Oct,12,237,451,353,263,578,232,541,318,345,373,282,232,251,263,395,338,281,223,228,298,394,433,248,283,348,312,307,382,472,334,478,288,4115,6658,3533,10070,7832,7725,7854,10828,10773,16051,10261,84927
14-Nov,39,201,376,324,234,429,164,460,276,323,320,206,182,234,234,297,354,280,187,158,245,347,344,228,227,316,232,279,274,397,283,428,217,3409,5686,3293,8608,6661,6398,6595,9256,9095,13599,8499,72004
14-Dec,71,299,397,358,246,501,190,439,284,274,348,221,187,254,218,354,361,291,288,169,242,421,369,223,245,276,277,305,289,334,278,456,280,3790,5955,3237,9144,6965,6970,7028,9678,9745,14439,9535,76741
15-Jan,37,204,353,278,199,418,181,403,289,272,351,194,160,183,217,253,244,266,174,187,184,351,289,198,198,242,206,244,228,276,238,403,222,3099,5043,2417,6522,4757,4865,4976,7134,8142,10936,6613,56362
15-Feb,39,184,378,244,196,402,153,412,213,281,367,167,148,168,199,291,292,207,168,180,190,346,261,194,211,293,225,260,228,251,233,357,199,2908,5029,2290,7063,5130,5071,5487,7239,7937,10909,6543,57669
15-Mar,35,183,421,261,248,410,224,479,283,321,290,176,162,197,197,289,270,240,235,195,181,370,371,226,217,307,196,277,252,406,320,365,243,3473,5374,2829,8391,6071,5751,6160,7935,8847,11739,7558,65281
15-Apr,21,162,325,281,207,463,160,415,269,265,242,243,192,184,212,253,256,229,209,156,210,340,315,213,185,185,240,274,241,328,293,491,264,3362,4961,2718,7762,5786,5438,5602,7609,8323,11596,7557,62391
15-May,24,167,375,343,176,516,187,489,294,327,286,229,223,231,224,307,280,280,172,170,202,338,386,238,228,237,236,321,262,401,240,470,200,3580,5479,3303,9106,6955,6611,7026,8755,9059,12900,8517,72232
15-Jun,19,218,449,390,341,475,199,492,365,286,324,311,255,287,309,383,333,319,215,182,236,424,480,271,374,292,287,375,322,400,283,561,264,4346,6375,3735,9844,7367,7535,7460,9915,10721,15232,10048,81857
15-Jul,17,200,470,425,404,649,273,554,381,398,411,369,262,319,433,446,416,305,214,201,261,487,421,298,268,341,351,440,332,379,356,630,269,4549,7431,3739,11048,8227,7835,8374,11447,11980,16491,10642,89783
15-Aug,18,185,416,355,325,548,214,494,340,317,325,336,218,279,258,398,368,275,222,169,236,477,364,276,240,310,314,381,288,368,321,623,241,4150,6349,3198,9861,7489,7429,7532,10468,10499,15511,9970,81957
15-Sep,35,209,440,342,342,539,243,538,306,337,427,215,237,243,290,458,372,313,194,190,210,424,407,292,283,322,326,376,272,362,328,544,270,4023,6663,3289,9734,7165,7073,7428,9870,10686,15052,9895,80192
15-Oct,21,235,547,374,249,601,216,510,326,341,379,235,229,258,258,394,386,342,184,171,265,404,445,271,307,335,331,387,384,390,298,575,278,4100,6826,3582,10998,8067,8037,8479,11188,10926,16502,10353,88132
15-Nov,11,221,506,331,237,503,249,505,273,323,443,213,186,201,257,386,320,277,197,160,222,343,320,252,273,300,273,393,302,313,302,448,212,3519,6233,3403,9764,7271,7281,7658,9796,9752,14653,9283,78861
15-Dec,31,237,445,318,202,530,188,475,330,303,456,234,176,215,253,330,302,280,198,217,229,343,343,255,298,300,273,328,295,309,282,461,264,3605,6095,3351,9806,7426,7640,7671,10283,9700,14723,9766,80366
16-Jan,15,158,357,232,239,412,171,375,255,291,263,157,152,180,222,312,271,192,170,170,170,372,283,196,252,250,268,245,201,244,257,388,207,3006,4921,2451,7255,5378,5414,5565,7539,7927,11281,7182,59992
16-Feb,36,214,395,307,209,393,169,413,245,248,334,162,184,183,182,302,274,204,172,141,209,317,313,209,238,261,199,290,265,330,254,360,196,3091,5117,2627,8119,5777,5805,6160,8413,8208,11988,8027,65124
16-Mar,35,351,891,445,542,743,438,832,557,612,579,383,427,356,462,542,604,490,529,491,416,628,639,476,479,534,499,616,460,615,421,828,581,7045,10456,4535,14602,10252,10702,11240,14500,17501,21531,14439,119302
16-Apr,7,137,237,214,155,341,133,312,150,157,207,155,133,147,112,190,172,189,163,95,115,213,246,120,132,145,182,157,164,192,162,386,126,2285,3461,2381,7127,5329,5087,5303,6391,5746,9325,5901,52590
16-May,9,144,396,233,155,402,114,389,200,209,198,175,145,159,136,263,210,167,141,90,129,228,263,153,141,191,182,215,181,295,187,364,153,2492,4125,2756,7780,5981,5824,6027,7417,6617,10633,7144,60179
16-Jun,7,179,486,266,252,428,193,411,247,243,306,178,176,194,197,287,249,231,153,124,165,331,431,206,148,207,218,271,257,542,229,487,165,3400,5064,3499,9313,7170,7044,7231,9223,8464,13226,9089,74259
16-Jul,7,182,395,303,267,441,163,487,217,260,258,186,206,219,191,332,281,205,221,105,203,382,339,212,219,269,241,415,255,463,260,458,146,3529,5259,3511,10423,7520,7101,7505,9609,8794,14114,9342,77919
16-Aug,8,159,386,297,197,434,136,491,276,281,392,200,149,207,186,328,351,211,161,96,176,298,303,226,218,251,242,346,294,393,284,404,154,3073,5462,3241,10215,7748,7540,8011,9912,8535,14632,9821,79655
16-Sep,8,187,436,305,295,385,157,436,291,253,317,162,166,205,145,355,235,289,163,114,143,309,264,215,142,219,248,249,279,407,262,452,182,2980,5295,3370,9874,7277,7437,7692,9296,8275,13617,9276,76114
16-Oct,11,160,361,287,239,447,162,430,197,225,346,212,160,149,166,244,252,264,156,104,149,308,268,175,373,257,196,276,289,367,283,411,175,3132,4967,3061,9427,6568,6766,6992,8682,8100,12356,8873,70825
16-Nov,16,178,376,278,267,363,152,369,269,249,281,239,147,133,173,328,286,251,148,125,152,299,350,199,309,250,220,253,317,373,236,355,219,3118,5042,3366,10014,7111,7172,7393,9108,8178,12669,9086,74097
16-Dec,13,154,383,261,175,458,209,367,272,211,321,247,158,160,197,295,241,251,163,172,188,277,305,222,305,230,224,292,310,380,239,435,323,3439,4999,3661,10679,7761,7739,7930,9314,8460,14140,9921,79605
17-Jan,11,129,251,228,170,344,154,360,200,208,259,179,162,131,164,284,211,158,133,136,121,247,234,134,214,190,201,251,232,378,229,414,192,2836,4073,2581,7558,5376,5178,5663,7026,6931,10227,6958,57498
17-Feb,9,146,319,254,164,313,149,423,215,189,219,169,157,154,170,293,236,178,115,109,141,253,248,174,280,223,187,222,261,383,216,333,206,2787,4321,2701,8018,5946,5420,6037,7400,7108,10887,7145,60662
17-Mar,18,223,405,256,185,414,221,447,293,274,282,208,174,165,197,347,274,257,158,152,181,330,245,236,388,271,280,274,255,284,250,465,250,3332,5327,3530,10049,7324,6958,7552,8881,8659,12670,8763,74386
17-Apr,20,125,293,238,176,330,177,408,195,214,234,172,184,124,149,254,234,199,127,124,133,288,262,200,358,191,199,246,211,268,177,356,254,2960,4160,3011,8078,6251,5864,6032,7485,7120,11007,7470,62318
17-May,21,174,353,234,239,368,161,404,199,244,258,164,174,148,150,259,308,171,116,125,184,400,315,214,359,195,238,324,233,314,188,432,208,3261,4613,3088,9525,6928,6544,6822,8221,7874,11895,8279,69176
17-Jun,19,192,410,303,246,478,244,451,249,290,407,144,200,204,182,276,294,217,173,171,178,367,475,227,456,233,219,366,254,344,260,448,215,3826,5366,4245,11140,8581,8030,8395,9878,9192,14680,10186,84327
17-Jul,20,160,325,289,210,427,153,430,248,239,307,218,197,178,200,345,284,183,151,123,196,308,304,219,369,243,268,380,277,245,246,570,182,3398,5096,3452,10112,7772,7121,7782,8986,8494,13952,9322,76993
17-Aug,21,164,368,351,181,504,198,434,268,267,269,210,162,188,192,363,354,232,167,124,221,341,294,243,290,262,262,317,315,301,258,581,219,3413,5508,3486,10927,8051,7580,8216,10124,8921,15084,10281,82670
17-Sep,29,178,328,264,161,425,187,460,233,215,350,180,151,176,168,327,286,305,160,137,154,359,252,239,219,240,216,348,260,284,239,483,225,3190,5048,3562,10879,7655,7393,7957,9298,8239,13696,9403,78082
17-Oct,17,206,347,294,125,418,184,420,217,258,384,199,191,184,156,282,265,266,127,111,156,338,259,221,243,242,250,315,230,239,274,395,176,2978,5011,3537,10428,7820,7433,7788,9203,7990,13422,9426,77047
17-Nov,14,193,319,298,205,381,194,384,221,206,309,167,198,160,197,288,279,265,132,115,188,254,244,193,260,224,218,246,257,220,222,362,214,2780,4847,3661,10652,7833,7333,7945,9100,7629,13141,9494,76788
17-Dec,20,180,310,270,161,404,173,394,249,225,258,269,200,144,177,282,286,229,135,138,154,351,308,205,285,252,222,271,233,304,234,339,216,3153,4725,3664,10472,7722,7401,7730,8965,7883,13223,9462,76522
18-Jan,34,154,247,234,123,299,127,326,216,186,207,171,171,125,172,248,223,204,120,129,140,264,260,174,266,204,181,230,196,208,180,333,208,2646,3914,2523,7548,5528,5336,5852,6952,6584,10093,6722,57138
18-Feb,27,150,273,228,121,314,152,277,199,198,234,142,190,122,148,249,236,159,117,89,120,255,197,130,390,174,171,223,210,209,190,290,202,2605,3781,2535,8121,5757,5509,6132,6994,6386,9950,7110,58494
18-Mar,19,160,314,241,148,391,153,314,236,237,265,138,230,159,185,289,277,207,133,125,181,301,285,205,248,219,211,245,212,259,210,355,198,2848,4502,3213,9632,6950,6451,7003,8068,7350,11783,7734,68184
18-Apr,14,150,295,232,138,374,132,283,211,165,292,141,178,164,144,230,249,160,124,117,128,243,234,165,265,192,199,218,189,188,173,348,176,2542,3969,2867,8142,6050,5709,5844,6977,6511,9781,7058,58939
18-May,19,166,245,235,138,354,142,329,220,200,318,154,204,206,147,257,204,155,131,86,165,278,246,193,261,204,193,321,209,218,217,413,152,2831,4149,3301,9330,6941,6536,6757,8271,6980,11436,8038,67590
18-Jun,87,172,446,250,162,407,160,386,257,239,312,177,171,187,249,296,236,202,119,133,183,272,349,177,275,210,220,423,217,256,239,497,155,3261,4860,4049,10893,8050,7596,8126,8881,8122,13759,9461,78937
18-Jul,32,211,335,264,237,411,161,383,256,230,398,203,212,197,204,339,241,235,159,119,180,280,267,216,189,237,256,323,248,329,262,498,170,3139,5143,3449,9837,7453,6788,7441,8565,8282,13139,8776,73730
18-Aug,22,151,411,294,233,532,189,417,274,244,343,239,183,236,225,346,312,232,190,103,218,286,329,241,218,213,309,354,263,364,304,529,170,3412,5562,3935,11323,8480,8115,3332,10245,8975,14793,10305,84466
18-Sep,40,148,349,245,171,363,137,350,236,238,282,202,184,145,193,326,251,201,188,117,169,252,223,198,271,267,229,334,229,328,257,357,156,2934,4702,3115,9316,6862,6519,2994,8082,7636,11992,8137,68839
18-Oct,30,161,335,282,177,432,127,420,217,225,341,148,187,178,200,327,284,192,155,133,227,291,361,225,244,205,223,354,217,296,252,334,173,3011,4942,3557,10798,7823,7422,3405,8920,7953,13080,9348,76785
18-Nov,31,169,318,316,176,421,163,405,279,200,309,141,163,164,166,347,285,202,171,91,201,310,357,205,283,251,249,317,247,279,277,428,187,3085,5023,3824,11484,8454,7851,3658,9546,8108,13654,9575,81429
18-Dec,37,141,343,235,169,345,196,293,191,195,191,142,154,166,201,262,219,153,145,84,180,311,231,154,265,160,188,265,239,310,253,349,141,2796,4112,3349,9324,7396,6789,2981,8085,6910,11863,8399,69456
19-Jan,10,119,291,215,126,280,102,271,186,202,273,155,110,158,169,224,211,158,128,117,153,227,192,167,184,150,162,210,185,236,208,304,125,2258,3750,2538,7213,5646,5024,2398,6373,6031,9325,6526,54134
19-Feb,10,139,261,219,120,340,119,300,191,194,262,173,113,132,168,223,174,147,156,94,166,207,201,154,150,188,165,180,202,228,157,310,124,2197,3770,2617,8379,6203,5498,2661,6757,5967,9410,6476,57330
19-Mar,11,156,290,225,127,341,133,361,237,182,298,205,129,145,261,269,250,187,167,107,191,245,255,155,146,184,188,255,199,276,187,329,184,2587,4288,3337,9346,6802,6127,2885,7531,6875,10703,7615,65206
19-Apr,17,120,332,226,108,349,128,294,186,193,235,139,129,115,213,214,215,160,132,102,143,233,215,177,151,153,170,201,192,214,165,282,159,2217,3845,2807,8504,6420,5815,2595,7114,6062,10173,6983,60105
19-May,7,110,333,236,149,371,106,325,229,165,253,147,143,161,211,230,261,140,146,113,169,328,248,184,179,197,207,300,181,252,185,352,155,2637,4136,3323,9751,7036,6422,2755,7631,6773,11017,7735,66547
19-Jun,15,125,388,241,106,346,153,328,215,213,215,114,128,148,202,253,296,146,173,115,161,311,241,162,217,163,192,263,205,253,328,358,168,2657,4285,3615,9555,7185,6718,2830,8010,6942,11467,8012,68604
19-Jul,13,178,324,271,144,490,166,395,242,226,289,342,189,189,180,285,228,136,184,137,211,331,302,211,216,188,244,256,206,391,260,481,176,3373,4708,3440,9746,7455,6696,2906,8948,8081,12613,8487,72553
19-Aug,16,185,366,300,135,470,124,377,289,257,333,219,184,196,208,312,266,192,173,129,212,327,322,224,165,265,262,292,276,390,254,478,158,3173,5183,3646,10553,7763,7231,3187,8948,8376,13535,8836,76527
19-Sep,11,136,268,268,139,371,128,339,238,227,303,152,149,167,184,275,251,159,126,110,156,280,273,153,168,241,212,317,217,264,217,401,173,2719,4354,3167,9227,6672,6446,2688,7995,7076,11374,7582,66219
19-Oct,4,135,285,267,136,435,137,388,219,237,266,178,195,147,175,285,281,214,160,108,202,248,252,221,169,260,218,311,207,244,213,352,168,2673,4644,3325,9972,7320,6721,3043,8464,7317,12224,8358,71095
19-Nov,5,147,313,271,259,424,156,375,213,251,292,206,185,187,207,328,255,194,160,116,214,291,290,201,195,212,259,282,237,244,228,421,215,2953,4880,3904,10721,7834,7285,7878,8915,7833,13231,9101,76702
19-Dec,16,115,264,244,142,377,144,341,188,198,296,288,163,179,187,269,241,177,124,125,179,279,226,166,146,194,215,273,210,234,271,399,243,2839,4274,3377,9463,7333,6544,7268,8374,7113,12605,8497,70574
20-Jan,7,128,241,206,140,377,173,308,220,178,207,174,178,148,185,257,247,180,119,147,138,222,228,179,131,187,207,182,209,289,201,340,187,2525,3995,2736,7791,5837,5044,5678,6646,6520,9731,6560,56543
20-Feb,21,126,263,255,167,365,149,311,209,187,250,161,168,122,154,269,218,159,174,103,157,270,229,138,116,196,198,169,180,247,175,277,144,2350,3977,2586,7744,5524,5273,5589,6726,6327,9779,6393,55941
20-Mar,15,91,262,266,143,387,153,304,253,171,231,143,196,172,160,270,190,173,235,138,153,266,240,169,147,169,183,216,153,254,199,339,175,2689,3927,2552,7550,5367,5052,5364,6745,6616,9858,6617,55721
20-Apr,6,47,109,102,56,133,83,136,118,91,106,59,113,80,67,131,88,85,77,85,70,133,108,72,58,75,86,106,74,142,94,144,92,1286,1740,959,2961,2230,2034,2183,2784,3026,3973,2348,22498
20-May,5,48,72,98,61,155,61,126,93,70,81,69,91,75,61,139,96,62,61,61,52,120,123,67,69,70,82,122,87,102,80,144,62,1165,1600,1476,4178,3179,3003,2929,3376,2765,4799,3280,28985
20-Jun,3,91,160,190,72,256,73,211,128,147,117,108,95,103,110,234,125,91,66,65,84,164,162,128,84,145,109,153,143,133,130,213,78,1500,2671,2269,5984,4692,4378,4373,5309,4171,7393,5081,43650
20-Jul,4,86,212,214,120,337,131,286,134,158,167,148,142,120,112,217,183,132,107,105,141,260,204,145,108,171,202,179,156,183,193,303,109,2103,3366,2608,6835,5163,4757,5048,5854,5469,8957,6023,50714
20-Aug,7,103,214,232,128,333,115,296,184,147,173,112,146,148,128,215,192,134,101,80,152,227,231,147,151,145,205,205,173,204,170,321,125,2173,3471,2775,7293,5397,4834,5104,6069,5644,9265,6040,52421
20-Sep,6,119,275,232,155,404,155,302,187,187,196,165,189,176,156,263,211,137,126,135,159,238,265,186,185,167,232,213,184,235,177,355,171,2614,3929,2867,8135,6113,5238,5461,6836,6543,10625,6875,58693
20-Oct,6,151,314,317,160,481,164,383,213,225,260,138,167,187,173,299,271,157,137,135,190,293,266,227,176,186,261,245,234,267,231,401,168,2750,4733,3637,9696,7434,6370,6861,8397,7483,12744,8666,71288
20-Nov,10,124,326,257,143,437,134,381,202,241,280,124,145,164,159,262,271,185,149,111,215,303,288,218,153,206,258,213,287,209,222,428,137,2568,4674,3355,9417,7180,6329,6489,8614,7242,12750,8379,69755
20-Dec,8,135,323,302,175,498,140,387,239,239,292,140,169,208,158,342,277,193,156,121,211,354,337,216,174,202,286,254,241,220,275,494,171,2946,4991,3385,9812,7236,6668,7120,9104,7937,14072,9552,74886
21-Jan,12,101,337,275,160,420,159,371,219,234,264,187,181,206,174,338,238,180,142,120,175,272,254,211,163,226,264,209,226,245,246,422,167,2739,4659,2884,8241,6145,5521,6059,8247,7398,12652,7710,64857
21-Feb,5,181,392,375,212,525,180,450,277,354,309,241,183,226,234,455,308,219,174,138,261,334,323,261,211,270,316,232,330,291,362,452,152,3142,6091,3322,10475,7753,7285,7747,10660,9233,15863,10082,82420
21-Mar,25,220,631,528,306,843,325,730,458,460,430,391,371,387,339,654,510,325,300,277,376,625,552,441,285,444,497,474,460,556,530,808,326,5702,9182,4262,13584,10129,9624,10525,15298,14884,23420,14147,115873
21-Apr,7,149,350,296,234,441,176,444,277,274,256,180,204,216,199,424,307,184,168,119,213,332,312,218,182,266,250,232,242,289,274,364,160,2941,5298,3197,9274,7100,6510,6671,9112,8239,13478,8882,72463
21-May,11,126,268,250,167,345,134,350,246,237,246,177,152,147,141,318,234,195,126,124,174,260,210,177,148,214,195,202,212,224,233,335,152,2402,4328,2958,8422,6252,5665,5800,7431,6730,11196,7136,61590
21-Jun,43,279,1058,696,509,1271,544,1006,835,757,735,686,568,626,521,881,768,571,585,400,558,1125,742,682,447,646,742,780,628,863,786,1372,590,9371,13929,4748,14836,10932,10584,11305,18522,23300,29047,16352,139626
21-Jul,3,58,79,110,60,125,40,168,96,69,93,61,49,45,42,137,86,62,35,47,66,86,105,72,48,77,78,69,95,112,54,117,52,869,1627,3155,7747,5748,4847,5039,4491,2496,5991,4764,44278
21-Aug,3,90,219,194,78,307,101,264,155,195,165,110,105,113,106,226,160,133,91,107,141,195,211,173,106,131,217,177,175,216,151,243,107,1885,3280,3406,8967,6655,5863,6088,6821,5165,10121,7056,60142
21-Sep,19,198,488,404,221,619,220,577,393,375,329,226,235,279,268,477,403,246,252,209,300,421,411,332,205,293,365,312,393,324,354,591,197,3901,7035,4815,13798,10412,9728,10236,13013,10936,19333,13203,105474
21-Oct,7,93,192,134,58,231,70,195,134,117,130,84,86,107,93,168,144,88,73,84,97,150,152,111,68,117,134,111,118,117,121,201,99,1409,2475,2661,6379,4663,3919,4235,4570,3884,7028,4503,41842
21-Nov,10,97,209,189,98,277,97,246,148,180,182,83,118,116,106,197,174,137,97,97,125,190,174,137,78,132,172,130,141,146,138,253,107,1696,3085,2636,7029,5026,4288,4776,5373,4781,8277,5612,47798
21-Dec,7,77,199,163,77,257,94,237,148,138,128,103,98,100,99,153,160,99,94,88,110,190,193,124,99,121,130,168,144,114,135,274,97,1719,2699,2120,5926,4303,3831,4205,4919,4418,7452,5027,42201
22-Jan,3,44,145,111,77,196,68,169,116,115,123,65,81,92,78,150,113,76,63,84,99,139,122,102,62,113,111,111,109,99,111,200,80,1269,2158,1527,4178,3239,2677,2893,3600,3427,5513,3549,30603
